id,input,segment,intent,route
lea-tr-0000,"Web form - Name: Lily Kim. Company: Keystone Credit Union. Title: COO. Location: Seoul. Size: about 1,200 employees. Message: Can we get a demo next week? We need to pick a vendor by end of month.",,,
lea-tr-0001,Luca Tanaka here from Keystone Credit Union in Amsterdam. We're 120 staff. We'd like a demo and pricing - budget is approved for this quarter.,,,
lea-tr-0002,"Web form - Name: Nina Mensah. Company: Brightwater Logistics. Title: Analytics Manager. Location: Singapore. Size: a company of 2,800. Message: Can we get a demo next week? We need to pick a vendor by end of month.",,,
lea-tr-0003,Web form - Name: Diego Rossi. Company: Sable Manufacturing. Title: VP of Operations. Location: Seattle. Size: a company of 450. Message: Please send pricing for 98 seats; we're ready to sign if it fits.,,,
lea-tr-0004,"Lily Dubois here from Quarry Capital in Austin. We're about 1,500 employees. Curious about your forecasting features - do you have case studies in our industry?",,,
lea-tr-0005,Aisha Novak here from Cobalt Health in Jakarta. We're about 60 employees. Curious about your forecasting features - do you have case studies in our industry?,,,
lea-tr-0006,Web form - Name: Olu Reyes. Company: Quarry Capital. Title: VP of Operations. Location: Dubai. Size: ~12 people. Message: We have an RFP going out in two weeks and want Lumen in it. Can someone call me?,,,
lea-tr-0007,"We've used Lumen for 3 years at Atlas Freight (~6,500 people, Mumbai). We're comparing a few analytics platforms. How does Lumen differ from Tableau?",,,
lea-tr-0008,"Hi, I'm Tom Okafor, VP of Operations at Juniper Schools (just 40 of us, based in Seattle). Downloaded your e-book on dashboards. Just browsing for now.",,,
lea-tr-0009,"Hi, I'm Grace Murphy, Analytics Manager at Cobalt Health (~900 people, based in Singapore). Curious about your forecasting features - do you have case studies in our industry?",,,
lea-tr-0010,"Aisha Ali here from Sable Manufacturing in Paris. We're ~1,200 people. Interested in the free template pack.",,,
lea-tr-0011,Diego Wang here from Juniper Schools in Chicago. We're 40 staff. Signing up for the newsletter.,,,
lea-tr-0012,"Hi, I'm Nina Haddad, Analytics Manager at Harbor Pharma (~900 people, based in Boston). Not looking to buy anything, just wanted to see the webinar recording.",,,
lea-tr-0013,"Elena Kim here from Redwood Biotech in Singapore. We're 12,000 staff. Can we get a demo next week? We need to pick a vendor by end of month.",,,
lea-tr-0014,"Noah Shah here from Juniper Schools in Chicago. We're about 1,200 employees. Curious about your forecasting features - do you have case studies in our industry?",,,
lea-tr-0015,University student here working on a class project about analytics vendors. Curious about your forecasting features - do you have case studies in our industry?,,,
lea-tr-0016,Zara Brooks here from Sable Manufacturing in Jakarta. We're a team of 25. We'd like a demo and pricing - budget is approved for this quarter.,,,
lea-tr-0017,"Hi, Yara Wang from Harbor Pharma in Berlin - we're already a Lumen customer (about 25,000 employees). Interested in the free template pack.",,,
lea-tr-0018,"Hi, I'm Arjun Mensah, Head of Data at Cobalt Health (a company of 85, based in Chicago). Signing up for the newsletter.",,,
lea-tr-0019,"Hello, I'm Maria Wang, a data analyst in Singapore. Are you hiring? I'd love to join Lumen.",,,
lea-tr-0020,"Hi, Kenji Mensah from Brightwater Logistics in Madrid - we're already a Lumen customer (a company of 12). Can we get a demo next week? We need to pick a vendor by end of month.",,,
lea-tr-0021,"Lily Patel here from Sable Manufacturing in Atlanta. We're ~2,800 people. Exploring options for next year's planning. What are typical implementation timelines?",,,
lea-tr-0022,"Hi, I'm Omar Tanaka, VP of Operations at Tidewater Energy (a company of 450, based in London). We have an RFP going out in two weeks and want Lumen in it. Can someone call me?",,,
lea-tr-0023,"Hi, I'm Tom Silva, Senior Analyst at Juniper Schools (a company of 1,500, based in Seattle). Please send pricing for 98 seats; we're ready to sign if it fits.",,,
lea-tr-0024,"Hi, I'm Zara Larsen, VP of Operations at Atlas Freight (1,200 staff, based in Chicago). Signing up for the newsletter.",,,
lea-tr-0025,Web form - Name: Olu Shah. Company: Marlow Hotels. Title: Head of Data. Location: Austin. Size: ~600 people. Message: We have an RFP going out in two weeks and want Lumen in it. Can someone call me?,,,
lea-tr-0026,"Hi, Rachel Mensah from Marlow Hotels in Seoul - we're already a Lumen customer (about 900 employees). We're comparing a few analytics platforms. How does Lumen differ from Tableau?",,,
lea-tr-0027,Hi! I'm an MBA student in London writing a paper on BI tools. Could I interview someone? Can we get a demo next week? We need to pick a vendor by end of month.,,,
lea-tr-0028,Samuel Ali here from Redwood Biotech in Dubai. We're a company of 25. Interested in the free template pack.,,,
lea-tr-0029,"Hi, I'm Mei Ali, COO at Fernhill Foods (about 300 employees, based in Boston). We're comparing a few analytics platforms. How does Lumen differ from Tableau?",,,
lea-tr-0030,Hi! I'm an MBA student in Seattle writing a paper on BI tools. Could I interview someone? Does Lumen integrate with Snowflake and Salesforce?,,,
lea-tr-0031,Web form - Name: Elena Shah. Company: Brightwater Logistics. Title: Head of Data. Location: Seattle. Size: ~40 people. Message: We have an RFP going out in two weeks and want Lumen in it. Can someone call me?,,,
lea-tr-0032,"Web form - Name: Aisha Larsen. Company: Sable Manufacturing. Title: Chief Digital Officer. Location: Sydney. Size: about 6,500 employees. Message: Exploring options for next year's planning. What are typical implementation timelines?",,,
lea-tr-0033,I saw a job posting for a solutions engineer - who should I send my resume to? (Mumbai),,,
lea-tr-0034,Maria Cohen here from Ivory Media in Austin. We're 300 staff. Does Lumen integrate with Snowflake and Salesforce?,,,
lea-tr-0035,Tom Cohen here from Juniper Schools in Boston. We're just 12 of us. Signing up for the newsletter.,,,
lea-tr-0036,"We've used Lumen for 5 years at Keystone Credit Union (just 85 of us, Seoul). Does Lumen integrate with Snowflake and Salesforce?",,,
lea-tr-0037,"Hi, I'm Ben Garcia, CFO at Redwood Biotech (about 900 employees, based in Mumbai). We'd like a demo and pricing - budget is approved for this quarter.",,,
lea-tr-0038,"Hi, I'm Hannah Mensah, COO at Tidewater Energy (~450 people, based in Toronto). We're comparing a few analytics platforms. How does Lumen differ from Tableau?",,,
lea-tr-0039,University student here working on a class project about analytics vendors. Signing up for the newsletter.,,,
lea-tr-0040,"Camila Tanaka here from Marlow Hotels in Seoul. We're 2,800 staff. Interested in the free template pack.",,,
lea-tr-0041,"Hi, I'm Arjun Brooks, VP of Operations at Sable Manufacturing (a company of 60,000, based in Amsterdam). We're comparing a few analytics platforms. How does Lumen differ from Tableau?",,,
lea-tr-0042,"Hi, I'm Hannah Novak, Head of Data at Fernhill Foods (~450 people, based in Seattle). Curious about your forecasting features - do you have case studies in our industry?",,,
lea-tr-0043,"Web form - Name: Luca Reyes. Company: Fernhill Foods. Title: Head of Data. Location: Chicago. Size: ~4,000 people. Message: Does Lumen integrate with Snowflake and Salesforce?",,,
lea-tr-0044,"Rachel Wang here from Brightwater Logistics in Mumbai. We're a company of 2,800. Does Lumen integrate with Snowflake and Salesforce?",,,
lea-tr-0045,Nina Dubois here from Cobalt Health in Sydney. We're 300 staff. Please send pricing for 281 seats; we're ready to sign if it fits.,,,
lea-tr-0046,I saw a job posting for a solutions engineer - who should I send my resume to? (Seattle),,,
lea-tr-0047,"We've used Lumen for 5 years at Marlow Hotels (about 85 employees, Singapore). Not looking to buy anything, just wanted to see the webinar recording.",,,
lea-tr-0048,I saw a job posting for a solutions engineer - who should I send my resume to? (Boston),,,
lea-tr-0049,University student here working on a class project about analytics vendors. Please send pricing for 328 seats; we're ready to sign if it fits.,,,
lea-tr-0050,Maria Larsen here from Brightwater Logistics in Paris. We're ~85 people. We're comparing a few analytics platforms. How does Lumen differ from Tableau?,,,
lea-tr-0051,"Web form - Name: Nina Haddad. Company: Cobalt Health. Title: VP of Operations. Location: Sydney. Size: a company of 1,500. Message: Signing up for the newsletter.",,,
lea-tr-0052,"Arjun Shah here from Sable Manufacturing in Chicago. We're 1,500 staff. Interested in the free template pack.",,,
lea-tr-0053,"Web form - Name: James Novak. Company: Marlow Hotels. Title: Head of Data. Location: Chicago. Size: 2,800 staff. Message: Interested in the free template pack.",,,
lea-tr-0054,Aisha Garcia from a cloud reseller in Seoul. We'd like to sell you our data-labeling services.,,,
lea-tr-0055,"We've used Lumen for three years at Atlas Freight (a team of 25, Chicago). We have an RFP going out in two weeks and want Lumen in it. Can someone call me?",,,
lea-tr-0056,Yara Tanaka from a cloud reseller in Singapore. We'd like to sell you our data-labeling services.,,,
lea-tr-0057,"Web form - Name: Chen Singh. Company: Tidewater Energy. Title: Analytics Manager. Location: London. Size: about 4,000 employees. Message: Downloaded your e-book on dashboards. Just browsing for now.",,,
lea-tr-0058,"Fatima Cohen here from Tidewater Energy in Chicago. We're just 40 of us. Not looking to buy anything, just wanted to see the webinar recording.",,,
lea-tr-0059,"Hi, I'm Olu Rossi, COO at Brightwater Logistics (about 300 employees, based in Jakarta). Not looking to buy anything, just wanted to see the webinar recording.",,,
lea-tr-0060,"Chen Mensah here from Keystone Credit Union in Tokyo. We're 12,000 staff. We'd like a demo and pricing - budget is approved for this quarter.",,,
lea-tr-0061,Grace Reyes here from Nimbus Retail in Seoul. We're 300 staff. Signing up for the newsletter.,,,
lea-tr-0062,I saw a job posting for a solutions engineer - who should I send my resume to? (Austin),,,
lea-tr-0063,"Web form - Name: Diego Kim. Company: Redwood Biotech. Title: COO. Location: Berlin. Size: a company of 600. Message: Not looking to buy anything, just wanted to see the webinar recording.",,,
lea-tr-0064,Web form - Name: Elena Larsen. Company: Tidewater Energy. Title: VP of Operations. Location: Dubai. Size: about 900 employees. Message: Downloaded your e-book on dashboards. Just browsing for now.,,,
lea-tr-0065,Web form - Name: Fatima Ali. Company: Tidewater Energy. Title: COO. Location: Paris. Size: 40 staff. Message: Curious about your forecasting features - do you have case studies in our industry?,,,
lea-tr-0066,Mateo Ali here from Keystone Credit Union in Jakarta. We're a team of 85. Can we get a demo next week? We need to pick a vendor by end of month.,,,
lea-tr-0067,Web form - Name: Nina Garcia. Company: Ivory Media. Title: Head of Data. Location: Toronto. Size: a company of 900. Message: Does Lumen integrate with Snowflake and Salesforce?,,,
lea-tr-0068,"Hi, I run partnerships at an SEO agency in Austin. We can triple your inbound leads - quick call?",,,
lea-tr-0069,"Web form - Name: Kenji Haddad. Company: Redwood Biotech. Title: Analytics Manager. Location: Paris. Size: 1,500 staff. Message: Does Lumen integrate with Snowflake and Salesforce?",,,
lea-tr-0070,Web form - Name: Priya Ali. Company: Fernhill Foods. Title: COO. Location: Dubai. Size: ~60 people. Message: We'd like a demo and pricing - budget is approved for this quarter.,,,
lea-tr-0071,Web form - Name: Dev Okafor. Company: Redwood Biotech. Title: VP of Operations. Location: London. Size: about 120 employees. Message: Curious about your forecasting features - do you have case studies in our industry?,,,
lea-tr-0072,"Web form - Name: Camila Tanaka. Company: Pelican Insurance. Title: Head of Data. Location: Madrid. Size: about 85 employees. Message: Not looking to buy anything, just wanted to see the webinar recording.",,,
lea-tr-0073,"Hi, I'm Luca Ali, Senior Analyst at Nimbus Retail (~900 people, based in London). We have an RFP going out in two weeks and want Lumen in it. Can someone call me?",,,
lea-tr-0074,"Hi, I'm Arjun Okafor, COO at Nimbus Retail (a team of 25, based in Toronto). Does Lumen integrate with Snowflake and Salesforce?",,,
lea-tr-0075,Fatima Haddad here from Cobalt Health in Amsterdam. We're a team of 85. Interested in the free template pack.,,,
lea-tr-0076,Web form - Name: Dev Okafor. Company: Quarry Capital. Title: Chief Digital Officer. Location: Toronto. Size: about 120 employees. Message: We'd like a demo and pricing - budget is approved for this quarter.,,,
lea-tr-0077,"Hi, I'm Ben Okafor, Senior Analyst at Ivory Media (~2,800 people, based in Madrid). Not looking to buy anything, just wanted to see the webinar recording.",,,
lea-tr-0078,"Hi, I'm Diego Reyes, CFO at Juniper Schools (a company of 60,000, based in Chicago). Can we get a demo next week? We need to pick a vendor by end of month.",,,
lea-tr-0079,"Web form - Name: Elena Ali. Company: Fernhill Foods. Title: Chief Digital Officer. Location: Austin. Size: a company of 2,800. Message: Downloaded your e-book on dashboards. Just browsing for now.",,,
lea-tr-0080,Omar Cohen here from Brightwater Logistics in Austin. We're ~450 people. We're comparing a few analytics platforms. How does Lumen differ from Tableau?,,,
lea-tr-0081,Web form - Name: Lily Murphy. Company: Pelican Insurance. Title: Senior Analyst. Location: Atlanta. Size: 40 staff. Message: We're comparing a few analytics platforms. How does Lumen differ from Tableau?,,,
lea-tr-0082,"Hi, Noah Garcia from Harbor Pharma in Singapore - we're already a Lumen customer (60 staff). Interested in the free template pack.",,,
lea-tr-0083,"Hi, I'm Aisha Brooks, Analytics Manager at Nimbus Retail (a team of 25, based in Chicago). We're comparing a few analytics platforms. How does Lumen differ from Tableau?",,,
lea-tr-0084,"Hi, I'm Lily Wang, Analytics Manager at Harbor Pharma (just 85 of us, based in Dubai). Downloaded your e-book on dashboards. Just browsing for now.",,,
lea-tr-0085,James Mensah from a cloud reseller in Toronto. We'd like to sell you our data-labeling services.,,,
lea-tr-0086,Grace Haddad here from Atlas Freight in Madrid. We're about 450 employees. Curious about your forecasting features - do you have case studies in our industry?,,,
lea-tr-0087,"Hi, I'm Diego Brooks, CFO at Cobalt Health (~600 people, based in Toronto). Can we get a demo next week? We need to pick a vendor by end of month.",,,
lea-tr-0088,Yara Shah from a cloud reseller in Jakarta. We'd like to sell you our data-labeling services.,,,
lea-tr-0089,Mei Silva here from Keystone Credit Union in London. We're a company of 120. Please send pricing for 336 seats; we're ready to sign if it fits.,,,
lea-tr-0090,Web form - Name: Samuel Tanaka. Company: Ivory Media. Title: CFO. Location: Toronto. Size: a company of 900. Message: Can we get a demo next week? We need to pick a vendor by end of month.,,,
lea-tr-0091,Ibrahim Patel here from Atlas Freight in Berlin. We're 900 staff. Please send pricing for 371 seats; we're ready to sign if it fits.,,,
lea-tr-0092,Web form - Name: Arjun Tanaka. Company: Juniper Schools. Title: Senior Analyst. Location: Atlanta. Size: 300 staff. Message: Please send pricing for 200 seats; we're ready to sign if it fits.,,,
lea-tr-0093,University student here working on a class project about analytics vendors. Interested in the free template pack.,,,
lea-tr-0094,"Hi, I'm Elena Okafor, COO at Quarry Capital (a company of 1,200, based in Austin). Can we get a demo next week? We need to pick a vendor by end of month.",,,
lea-tr-0095,"Hi, I'm Zara Garcia, Director of Finance at Pelican Insurance (about 6,500 employees, based in Boston). Interested in the free template pack.",,,
lea-tr-0105,"Lily Murphy here from Harbor Pharma in Boston. We're a company of 25,000. We'd like a demo and pricing - budget is approved for this quarter.",,,
lea-tr-0112,"Diego Kim here from Pelican Insurance in Madrid. We're about 60,000 employees. We have an RFP going out in two weeks and want Lumen in it. Can someone call me?",,,
lea-tr-0138,"Arjun Silva here from Redwood Biotech in Seattle. We're about 60,000 employees. Can we get a demo next week? We need to pick a vendor by end of month.",,,
lea-tr-0145,"Maria Reyes here from Keystone Credit Union in Madrid. We're 25,000 staff. We have an RFP going out in two weeks and want Lumen in it. Can someone call me?",,,
