id,input,expense_type,decision,reason
exp-tr-0000,"Hotel for the Phoenix engagement: Westin, $183 per night x 4. (receipt attached)",,,
exp-tr-0001,"Bought notebooks and sticky notes for the project team, $113.67. Lost the receipt.",,,
exp-tr-0002,"Dinner at the hotel restaurant in Columbus, just me, $115.58. Receipt uploaded. Submitted by Olu Mensah.",,,
exp-tr-0003,"Expense line - Spa treatment at the hotel, Chicago, $200.59. Receipt attached.",,,
exp-tr-0004,"Luca Novak: Client dinner with Halcyon Energy at Capital Grille, London. Four attendees total. $144.72. I don't have a receipt for this one.",,,
exp-tr-0005,"Team dinner at the hotel restaurant in Minneapolis, 4 of us from the team, total $169. Receipt uploaded.",,,
exp-tr-0006,"Expense line - Team dinner at a sushi place near the office in Minneapolis, 4 of us from the team, total $607.06. I don't have a receipt for this one.",,,
exp-tr-0007,"Rental car from the airport to the client site in Denver, $21.35. Receipt uploaded.",,,
exp-tr-0008,"Expense line - Hotel for the Columbus engagement: Hyatt Regency, $205 per night x 4. Receipt attached.",,,
exp-tr-0009,"Camila Reyes: Car service from the airport to the client site in Denver, $192.23. Receipt uploaded.",,,
exp-tr-0010,"Tom Rossi: Hotel for the Charlotte engagement: Marriott, $142 per night x 3. Receipt attached.",,,
exp-tr-0011,"Bought a USB-C dock for the project team, $546.75. Receipt uploaded.",,,
exp-tr-0012,"Expense line - Bought a portable monitor for the project team, $315.18. Receipt attached.",,,
exp-tr-0013,"Expense line - Client dinner with Halcyon Energy at Oleana, Charlotte. 2 attendees total. $77.27. (receipt attached)",,,
exp-tr-0014,"Expense line - Spa treatment at the hotel, Minneapolis, $46.94. Receipt attached.",,,
exp-tr-0015,"Expense line - Hotel for the Boston engagement: Hyatt Regency, $373 per night x 5. Receipt uploaded.",,,
exp-tr-0016,Rental car to Denver office - $105.68. Receipt attached. Submitted by Kenji Mensah.,,,
exp-tr-0017,"Expense line - Four Seasons Atlanta, 5 nights at $183/night, total $915. (receipt attached)",,,
exp-tr-0018,"Lily Novak: Flight to Frankfurt for client kickoff, premium economy class, seven-hour flight, $2,264. (receipt attached)",,,
exp-tr-0019,Business meal with the Acme Corp team (4 people incl. me) at Capital Grille - $282.18. Receipt attached.,,,
exp-tr-0020,"Expense line - Airfare: economy seat, 1 hrs flight time, $496 round trip to Denver. Receipt uploaded.",,,
exp-tr-0021,"Expense line - Team dinner at Oleana in Charlotte, 3 of us from the team, total $129.40. Receipt attached.",,,
exp-tr-0022,"Spa treatment at the hotel, Minneapolis, $81.93. No receipt - the restaurant's printer was down.",,,
exp-tr-0023,"Mateo Cohen: Bought a portable monitor for the project team, $143.45. (receipt attached)",,,
exp-tr-0024,"Yara Haddad: Four Seasons Columbus, 4 nights at $255/night, total $1,020. (receipt attached)",,,
exp-tr-0025,"Bought a USB-C dock for the project team, $145.54. (receipt attached) Submitted by Luca Singh.",,,
exp-tr-0026,"Ibrahim Reyes: Hyatt Regency Boston, five nights at $209/night, total $1,045. Receipt attached.",,,
exp-tr-0027,"Team dinner at Oleana in Charlotte, 4 of us from the team, total $121.19. (receipt attached) Submitted by Hannah Ali.",,,
exp-tr-0028,"Hannah Garcia: Airfare: premium economy seat, 8 hrs flight time, $3,213 round trip to Charlotte. Receipt attached.",,,
exp-tr-0029,"Ibrahim Wang: Marriott Denver, 3 nights at $137/night, total $411. Receipt uploaded.",,,
exp-tr-0030,"Dinner at a sushi place near the office in Minneapolis, just me, $111.22. Receipt uploaded. Submitted by Kenji Rossi.",,,
exp-tr-0031,"Expense line - Team dinner at Oleana in New York, three of us from the team, total $98.52. Lost the receipt.",,,
exp-tr-0032,"Hampton Inn Dallas, 1 night at $377/night, total $377. Receipt uploaded. Submitted by Luca Tanaka.",,,
exp-tr-0033,"Hotel for the Minneapolis engagement: Marriott, $148 per night x 3. (receipt attached)",,,
exp-tr-0034,"Airfare: business seat, 8 hrs flight time, $3,069 round trip to Sao Paulo. Receipt to follow.",,,
exp-tr-0035,"Marriott Columbus, three nights at $238/night, total $714. Receipt attached. Submitted by Lily Haddad.",,,
exp-tr-0036,"Zara Wang: Team dinner at Oleana in New York, three of us from the team, total $79.82. (receipt attached)",,,
exp-tr-0037,"Airfare: business seat, 2 hrs flight time, $5,709 round trip to Frankfurt. Receipt attached. Submitted by Nina Shah.",,,
exp-tr-0038,"Zara Brooks: Airfare: premium economy seat, 5 hrs flight time, $6,407 round trip to Minneapolis. Receipt uploaded.",,,
exp-tr-0039,"James Wang: Celtics tickets for me and my partner, Phoenix, $256.28. (receipt attached)",,,
exp-tr-0040,"Expense line - Flight to Chicago for client kickoff, business class, eight-hour flight, $3,294. Receipt uploaded.",,,
exp-tr-0041,"Bought printer toner and paper for the project team, $502.78. No receipt - the restaurant's printer was down. Submitted by Dev Okafor.",,,
exp-tr-0042,"Expense line - Gym day pass, San Francisco, $85.68. Receipt to follow.",,,
exp-tr-0043,"Expense line - Rental car from the airport to the client site in Minneapolis, $118.61. Receipt uploaded.",,,
exp-tr-0044,"Bought flip charts and markers for a workshop for the project team, $134.40. No receipt - the restaurant's printer was down.",,,
exp-tr-0045,"Dinner at the hotel restaurant in Charlotte, just me, $20.20. Receipt uploaded. Submitted by Dev Ali.",,,
exp-tr-0046,"Dinner at the airport Chili's in Chicago, just me, $153.30. Receipt uploaded. Submitted by Zara Haddad.",,,
exp-tr-0047,"Hotel for the Phoenix engagement: Westin, $176 per night x 2. Receipt uploaded.",,,
exp-tr-0048,"Bought a USB-C dock for the project team, $158.78. No receipt - the restaurant's printer was down. Submitted by Luca Novak.",,,
exp-tr-0049,"Four Seasons Atlanta, 3 nights at $443/night, total $1,329. Receipt uploaded.",,,
exp-tr-0050,"Car service from the airport to the client site in Atlanta, $245.01. Receipt to follow. Submitted by Zara Murphy.",,,
exp-tr-0051,"Netflix subscription while traveling, Columbus, $226.96. (receipt attached)",,,
exp-tr-0052,Rental car to Charlotte office - $258.56. (receipt attached),,,
exp-tr-0053,"Uber from the airport to the client site in San Francisco, $39.27. Receipt uploaded. Submitted by Omar Silva.",,,
exp-tr-0054,"Noah Haddad: Dinner at Oleana in Columbus, just me, $15.67. Receipt attached.",,,
exp-tr-0055,"Team dinner at a sushi place near the office in New York, 4 of us from the team, total $494.27. Receipt attached.",,,
exp-tr-0056,Expense line - Car service to Denver office - $47.06. (receipt attached),,,
exp-tr-0057,"Yara Rossi: Celtics tickets for me and my partner, Phoenix, $57.63. No receipt - the restaurant's printer was down.",,,
exp-tr-0058,"Maria Shah: Team dinner at Capital Grille in Phoenix, 4 of us from the team, total $63.60. Receipt uploaded.",,,
exp-tr-0059,"Bought a portable monitor for the project team, $80.97. Receipt to follow.",,,
exp-tr-0060,"Lily Ali: Bought printer toner and paper for the project team, $122.11. I don't have a receipt for this one.",,,
exp-tr-0061,"Uber from the airport to the client site in San Francisco, $23.77. (receipt attached) Submitted by Ibrahim Okafor.",,,
exp-tr-0062,"Expense line - Team dinner at the airport Chili's in Phoenix, 4 of us from the team, total $645.08. Receipt attached.",,,
exp-tr-0063,"Client dinner with Northbridge Health at the airport Chili's, Atlanta. 4 attendees total. $766.67. Receipt uploaded. Submitted by Chen Garcia.",,,
exp-tr-0064,"Expense line - Airfare: economy seat, 4 hrs flight time, $603 round trip to Phoenix. (receipt attached)",,,
exp-tr-0065,"Priya Cohen: Hyatt Regency Dallas, 1 night at $450/night, total $450. Receipt uploaded.",,,
exp-tr-0066,"Rental car from the airport to the client site in San Francisco, $101.34. Receipt to follow.",,,
exp-tr-0067,"Noah Brooks: Hotel for the New York engagement: Hampton Inn, $325 per night x 3. Receipt uploaded.",,,
exp-tr-0068,"Expense line - Taxi from the airport to the client site in London, $65.56. Receipt attached.",,,
exp-tr-0069,"Expense line - Team dinner at an Italian spot downtown in Charlotte, four of us from the team, total $417.30. Receipt attached.",,,
exp-tr-0070,Rental car to Chicago office - $113.81. Receipt attached. Submitted by Noah Cohen.,,,
exp-tr-0071,"Car service from the airport to the client site in Chicago, $285.92. (receipt attached) Submitted by Priya Larsen.",,,
exp-tr-0072,"Zara Patel: Flight to Sao Paulo for client kickoff, premium economy class, 8-hour flight, $6,399. Receipt attached.",,,
exp-tr-0073,"Rental car from the airport to the client site in Boston, $250.68. Receipt attached. Submitted by Dev Wang.",,,
exp-tr-0074,"Bought flip charts and markers for a workshop for the project team, $126.53. Receipt to follow. Submitted by Sofia Larsen.",,,
exp-tr-0075,Lyft to Phoenix office - $118.29. Lost the receipt. Submitted by Zara Novak.,,,
exp-tr-0076,"Lily Okafor: Airfare: economy seat, 7 hrs flight time, $671 round trip to Denver. (receipt attached)",,,
exp-tr-0077,"Hannah Silva: Client dinner with Orbit Bank at Shake Shack, Atlanta. Four attendees total. $371.80. I don't have a receipt for this one.",,,
exp-tr-0078,"Airfare: economy seat, 5 hrs flight time, $197 round trip to San Francisco. (receipt attached) Submitted by Yara Singh.",,,
exp-tr-0079,"Expense line - Flight to Denver for client kickoff, business class, 3-hour flight, $3,512. (receipt attached)",,,
exp-tr-0080,"Chen Larsen: Airfare: economy seat, 1 hrs flight time, $230 round trip to Columbus. (receipt attached)",,,
exp-tr-0081,"Bar tab after the offsite (drinks only), Dallas, $224.37. Receipt attached. Submitted by Fatima Patel.",,,
exp-tr-0082,"Expense line - Flight to Boston for client kickoff, economy class, 11-hour flight, $814. (receipt attached)",,,
exp-tr-0083,"Samuel Silva: Client dinner with Northbridge Health at Shake Shack, Boston. 2 attendees total. $178.72. Receipt attached.",,,
exp-tr-0084,"Expense line - Taxi from the airport to the client site in Columbus, $116.36. Receipt attached.",,,
exp-tr-0085,"Rachel Rossi: Gym day pass, Atlanta, $218.57. Receipt to follow.",,,
exp-tr-0086,"Team dinner at Shake Shack in Phoenix, four of us from the team, total $132.18. Receipt uploaded.",,,
exp-tr-0087,"Team dinner at the airport Chili's in Phoenix, 4 of us from the team, total $194.77. Receipt uploaded. Submitted by Rachel Wang.",,,
exp-tr-0088,"Fatima Silva: Rental car from the airport to the client site in Phoenix, $201.48. Receipt uploaded.",,,
exp-tr-0089,"Fatima Brooks: Hotel for the Minneapolis engagement: Marriott, $241 per night x 3. No receipt - the restaurant's printer was down.",,,
exp-tr-0090,"Client dinner with Vantage Retail at Capital Grille, San Francisco. 2 attendees total. $171.78. Receipt attached.",,,
exp-tr-0091,"Client dinner with Northbridge Health at a sushi place near the office, Denver. 2 attendees total. $364.76. (receipt attached)",,,
exp-tr-0092,"Flight to Singapore for client kickoff, business class, one-hour flight, $2,917. Receipt attached.",,,
exp-tr-0093,Dev Dubois: Business meal with the Vantage Retail team (2 people incl. me) at Shake Shack - $540.98. I don't have a receipt for this one.,,,
exp-tr-0094,"Team dinner at Capital Grille in New York, 3 of us from the team, total $147.24. (receipt attached) Submitted by Samuel Cohen.",,,
exp-tr-0095,"Spa treatment at the hotel, New York, $97.43. (receipt attached) Submitted by Yara Rossi.",,,
exp-tr-0096,"Tom Okafor: Team dinner at an Italian spot downtown in San Francisco, 4 of us from the team, total $611.42. Lost the receipt.",,,
exp-tr-0097,"Dinner at Capital Grille in San Francisco, just me, $21.02. Receipt attached.",,,
exp-tr-0119,"Fatima Okafor: Airfare: business seat, 1 hrs flight time, $6,151 round trip to New York. Receipt uploaded.",,,
exp-tr-0133,"Zara Patel: Airfare: business seat, 5 hrs flight time, $3,730 round trip to Phoenix. (receipt attached)",,,
