id,input,claim_type,injury,estimate_band,route
cla-tr-0000,"Someone broke in and drove off with my 2017 Ford F-150 yesterday. Kelley Blue Book value is around $5,400. I only switched to Granite Shield 16 days ago. Policyholder: James Murphy.",,,,
cla-tr-0001,"FNOL call notes - insured Hannah Shah. Hail dented the hood and roof of their 2023 Kia Telluride 14 days ago. The shop says roughly $4,250 to fix.",,,,
cla-tr-0002,"Two weeks ago another driver ran a stop sign and T-boned my 2023 Kia Telluride. Nobody was hurt. The body shop quoted $4,550. Customer since 2010. Policyholder: James Dubois.",,,,
cla-tr-0003,"Two weeks ago another driver ran a stop sign and T-boned my 2022 Toyota Camry. My neck and back are hurting and I went to urgent care. Repair estimate is about $4,000. Customer since 2018. Policyholder: Grace Rossi.",,,,
cla-tr-0004,"FNOL call notes - insured Mateo Tanaka. Insured slid into a guardrail 5 days ago and the front of their 2015 Subaru Outback is crushed. The body shop quoted $42,350. I only switched to Granite Shield 5 days ago.",,,,
cla-tr-0005,"FNOL call notes - insured James Kim. Hail dented the hood and roof of their 2018 Jeep Wrangler four days ago. The body shop quoted $17,450.",,,,
cla-tr-0006,"Vandals spray-painted my 2023 Kia Telluride three weeks ago. Repair estimate is about $24,900. Customer since 2008. Policyholder: Samuel Novak.",,,,
cla-tr-0007,"FNOL call notes - insured Omar Singh. Their 2023 Kia Telluride was sitting in a flooded parking lot 12 days ago and water got inside. I'd guess the damage is around $6,600. I've been a Granite Shield customer for six years.",,,,
cla-tr-0008,"I was rear-ended at a red light 4 days ago in my 2015 Subaru Outback. The other driver complained of chest pain and was taken away by ambulance. The body shop quoted $20,600. Policyholder: Luca Okafor.",,,,
cla-tr-0009,"FNOL call notes - insured Kenji Murphy. Vandals spray-painted their 2015 Subaru Outback 5 days ago. The shop says roughly $1,550 to fix.",,,,
cla-tr-0010,"FNOL call notes - insured Samuel Garcia. A tree branch fell on their 2021 Tesla Model 3 during the storm 4 days ago. The shop says roughly $35,900 to fix.",,,,
cla-tr-0011,"FNOL call notes - insured Aisha Shah. A rock hit their windshield on the highway two weeks ago and it cracked across the driver's side. The shop says roughly $1,400 to fix. Customer since 2009.",,,,
cla-tr-0012,Someone broke in and drove off with my 2019 Honda CR-V 12 days ago. Kelley Blue Book value is around $350. I've been a Granite Shield customer for 2 years. Policyholder: James Mensah.,,,,
cla-tr-0013,"I slid into a guardrail twelve days ago and the front of my 2017 Ford F-150 is crushed. The other driver complained of chest pain and was taken away by ambulance. Repair estimate is about $5,400. Policyholder: Diego Shah.",,,,
cla-tr-0014,"I slid into a guardrail yesterday and the front of my 2017 Ford F-150 is crushed. The other driver complained of chest pain and was taken away by ambulance. The body shop quoted $9,000. Policyholder: Rachel Larsen.",,,,
cla-tr-0015,This morning another driver ran a stop sign and T-boned my 2019 Honda CR-V. I hit my head on the steering wheel and an ambulance took me to the hospital. Repair estimate is about $400. My Granite Shield policy started 16 days ago. Policyholder: Nina Ali.,,,,
cla-tr-0016,"FNOL call notes - insured Hannah Singh. Someone broke in and drove off with their 2017 Ford F-150 this morning. The car is worth about $13,500. Customer since 2011.",,,,
cla-tr-0017,"Hail dented the hood and roof of my 2018 Jeep Wrangler 3 days ago. The body shop quoted $26,050. Policyholder: Chen Rossi.",,,,
cla-tr-0018,"FNOL call notes - insured Rachel Reyes. Insured was rear-ended at a red light 4 days ago in their 2017 Ford F-150. Everyone is fine. The body shop quoted $1,050. Customer since 2013.",,,,
cla-tr-0019,"Two days ago a stone chipped my windshield and the crack is spreading. I'd guess the damage is around $1,500. Policyholder: Sofia Wang.",,,,
cla-tr-0020,"FNOL call notes - insured Ben Murphy. Insured slid into a guardrail 21 days ago and the front of their 2023 Kia Telluride is crushed. No injuries, thankfully. The body shop quoted $500.",,,,
cla-tr-0021,"Vandals spray-painted my 2019 Honda CR-V twelve days ago. The shop says roughly $5,450 to fix. Policyholder: Diego Okafor.",,,,
cla-tr-0022,"Vandals spray-painted my 2018 Jeep Wrangler 10 days ago. The shop says roughly $6,550 to fix. Policyholder: Mei Haddad.",,,,
cla-tr-0023,"FNOL call notes - insured Fatima Garcia. Someone keyed both sides of their 2019 Honda CR-V three weeks ago. I'd guess the damage is around $4,700. I've been a Granite Shield customer for nine years.",,,,
cla-tr-0024,"My tires were slashed and mirrors smashed 14 days ago while parked on the street. I'd guess the damage is around $1,500. I've been a Granite Shield customer for six years. Policyholder: Camila Haddad.",,,,
cla-tr-0025,"FNOL call notes - insured Elena Singh. Someone merged into their lane on the highway ten days ago and sideswiped their 2015 Subaru Outback. Nobody was hurt. Repair estimate is about $34,550.",,,,
cla-tr-0026,"FNOL call notes - insured Samuel Silva. Insured slid into a guardrail five days ago and the front of their 2020 Hyundai Tucson is crushed. The shop says roughly $17,350 to fix. My Granite Shield policy started 20 days ago.",,,,
cla-tr-0027,Hail dented the hood and roof of my 2023 Kia Telluride twelve days ago. The shop says roughly $700 to fix. Policyholder: Kenji Singh.,,,,
cla-tr-0028,"A rock hit my windshield on the highway four days ago and it cracked across the driver's side. Repair estimate is about $1,300. I've been a Granite Shield customer for 6 years. Policyholder: Mateo Ali.",,,,
cla-tr-0029,"FNOL call notes - insured Nina Garcia. Someone keyed both sides of their 2021 Tesla Model 3 twelve days ago. The body shop quoted $4,250. Customer since 2008.",,,,
cla-tr-0030,"FNOL call notes - insured Noah Silva. Their tires were slashed and mirrors smashed yesterday while parked on the street. The shop says roughly $1,150 to fix.",,,,
cla-tr-0031,"Someone merged into my lane on the highway 12 days ago and sideswiped my 2018 Jeep Wrangler. Everyone is fine. The body shop quoted $1,450. Policyholder: Zara Shah.",,,,
cla-tr-0032,"Three weeks ago another driver ran a stop sign and T-boned my 2015 Subaru Outback. Everyone is fine. Repair estimate is about $6,150. Customer since 2012. Policyholder: Samuel Ali.",,,,
cla-tr-0033,"A rock hit my windshield on the highway five days ago and it cracked across the driver's side. Repair estimate is about $1,400. Policyholder: Arjun Mensah.",,,,
cla-tr-0034,"5 days ago another driver ran a stop sign and T-boned my 2020 Hyundai Tucson. Repair estimate is about $6,650. Policyholder: Samuel Ali.",,,,
cla-tr-0035,"FNOL call notes - insured Ben Tanaka. Vandals spray-painted their 2023 Kia Telluride 2 days ago. The body shop quoted $4,950. I've been a Granite Shield customer for six years.",,,,
cla-tr-0036,"Someone merged into my lane on the highway 10 days ago and sideswiped my 2015 Subaru Outback. No injuries, thankfully. Repair estimate is about $7,850. Policyholder: Ben Reyes.",,,,
cla-tr-0037,"FNOL call notes - insured Grace Novak. Their rear window on the 2018 Jeep Wrangler shattered four days ago, no other damage. I'd guess the damage is around $400. I only switched to Granite Shield 12 days ago.",,,,
cla-tr-0038,"Two days ago another driver ran a stop sign and T-boned my 2021 Tesla Model 3. Nobody was hurt. I'd guess the damage is around $4,900. Policyholder: Maria Shah.",,,,
cla-tr-0039,Someone broke in and drove off with my 2022 Toyota Camry 12 days ago. The car is worth about $900. My Granite Shield policy started 5 days ago. Policyholder: Rachel Singh.,,,,
cla-tr-0040,"FNOL call notes - insured Noah Ali. Hail dented the hood and roof of their 2019 Honda CR-V three weeks ago. I'd guess the damage is around $4,050.",,,,
cla-tr-0041,"FNOL call notes - insured Camila Novak. Someone broke in and drove off with their 2017 Ford F-150 this morning. The car is worth about $6,300.",,,,
cla-tr-0042,FNOL call notes - insured Priya Shah. Insured slid into a guardrail three days ago and the front of their 2015 Subaru Outback is crushed. I'd guess the damage is around $250. I just took out this policy 5 days ago.,,,,
cla-tr-0043,"Someone broke in and drove off with my 2015 Subaru Outback 5 days ago. Kelley Blue Book value is around $6,000. Policyholder: Rachel Cohen.",,,,
cla-tr-0044,"Two days ago another driver ran a stop sign and T-boned my 2020 Hyundai Tucson. Everyone is fine. Repair estimate is about $7,350. Customer since 2017. Policyholder: Aisha Silva.",,,,
cla-tr-0045,"FNOL call notes - insured Priya Singh. Someone broke in and drove off with their 2018 Jeep Wrangler yesterday. Kelley Blue Book value is around $23,100.",,,,
cla-tr-0046,"I slid into a guardrail 4 days ago and the front of my 2015 Subaru Outback is crushed. No injuries, thankfully. The shop says roughly $1,000 to fix. I only switched to Granite Shield 12 days ago. Policyholder: Dev Ali.",,,,
cla-tr-0047,"FNOL call notes - insured Camila Okafor. Someone merged into their lane on the highway yesterday and sideswiped their 2023 Kia Telluride. No injuries, thankfully. The body shop quoted $4,050.",,,,
cla-tr-0048,"My tires were slashed and mirrors smashed yesterday while parked on the street. Repair estimate is about $6,100. Policyholder: Sofia Kim.",,,,
cla-tr-0049,"Someone keyed both sides of my 2022 Toyota Camry 5 days ago. Repair estimate is about $1,100. I've been a Granite Shield customer for 8 years. Policyholder: Diego Ali.",,,,
cla-tr-0050,"My 2021 Tesla Model 3 was stolen from my driveway three weeks ago. The car is worth about $7,400. Customer since 2011. Policyholder: Dev Novak.",,,,
cla-tr-0051,"FNOL call notes - insured Ibrahim Reyes. Their tires were slashed and mirrors smashed yesterday while parked on the street. The shop says roughly $34,700 to fix.",,,,
cla-tr-0052,"I slid into a guardrail 14 days ago and the front of my 2017 Ford F-150 is crushed. Everyone is fine. Repair estimate is about $3,050. I've been a Granite Shield customer for seven years. Policyholder: Kenji Cohen.",,,,
cla-tr-0053,"A tree branch fell on my 2022 Toyota Camry during the storm 3 days ago. I'd guess the damage is around $9,150. Policyholder: Luca Haddad.",,,,
cla-tr-0054,"FNOL call notes - insured Camila Ali. Their 2015 Subaru Outback was stolen from their driveway four days ago. Kelley Blue Book value is around $5,500.",,,,
cla-tr-0055,"FNOL call notes - insured Noah Okafor. Vandals spray-painted their 2018 Jeep Wrangler yesterday. The shop says roughly $3,350 to fix.",,,,
cla-tr-0056,"FNOL call notes - insured Yara Novak. Their 2020 Hyundai Tucson was sitting in a flooded parking lot five days ago and water got inside. I'd guess the damage is around $21,100. My Granite Shield policy started 20 days ago.",,,,
cla-tr-0057,"A rock hit my windshield on the highway yesterday and it cracked across the driver's side. Repair estimate is about $1,700. I only switched to Granite Shield 5 days ago. Policyholder: Omar Garcia.",,,,
cla-tr-0058,Someone keyed both sides of my 2019 Honda CR-V three days ago. The shop says roughly $650 to fix. I've been a Granite Shield customer for 3 years. Policyholder: Samuel Singh.,,,,
cla-tr-0059,"I slid into a guardrail 2 days ago and the front of my 2015 Subaru Outback is crushed. No injuries, thankfully. The body shop quoted $37,850. Policyholder: Sofia Cohen.",,,,
cla-tr-0060,"I slid into a guardrail 21 days ago and the front of my 2023 Kia Telluride is crushed. Nobody was hurt. I'd guess the damage is around $1,350. Policyholder: Omar Tanaka.",,,,
cla-tr-0061,"FNOL call notes - insured Nina Novak. Their 2015 Subaru Outback was sitting in a flooded parking lot yesterday and water got inside. I'd guess the damage is around $2,900. Customer since 2011.",,,,
cla-tr-0062,FNOL call notes - insured Kenji Dubois. Someone keyed both sides of their 2019 Honda CR-V yesterday. Repair estimate is about $500.,,,,
cla-tr-0063,"I slid into a guardrail yesterday and the front of my 2021 Tesla Model 3 is crushed. Everyone is fine. The shop says roughly $7,900 to fix. Policyholder: Kenji Ali.",,,,
cla-tr-0064,"FNOL call notes - insured Maria Silva. Hail dented the hood and roof of their 2019 Honda CR-V 21 days ago. I'd guess the damage is around $8,000.",,,,
cla-tr-0065,"My rear window on the 2019 Honda CR-V shattered 12 days ago, no other damage. The body shop quoted $1,550. Policyholder: Luca Tanaka.",,,,
cla-tr-0066,"FNOL call notes - insured Olu Wang. Vandals spray-painted their 2022 Toyota Camry three weeks ago. The body shop quoted $5,450. I've been a Granite Shield customer for four years.",,,,
cla-tr-0067,I came out of work 4 days ago and my 2020 Hyundai Tucson was gone. Police report filed. The car is worth about $900. Policyholder: Sofia Patel.,,,,
cla-tr-0068,"A tree branch fell on my 2018 Jeep Wrangler during the storm 10 days ago. The body shop quoted $8,300. Policyholder: Mateo Dubois.",,,,
cla-tr-0069,"FNOL call notes - insured Diego Reyes. Insured came out of work yesterday and their 2017 Ford F-150 was gone. Police report filed. Kelley Blue Book value is around $1,150.",,,,
cla-tr-0070,"FNOL call notes - insured Fatima Okafor. Their rear window on the 2019 Honda CR-V shattered yesterday, no other damage. The shop says roughly $1,450 to fix. Customer since 2014.",,,,
cla-tr-0071,A rock hit my windshield on the highway 2 days ago and it cracked across the driver's side. I'd guess the damage is around $700. Customer since 2018. Policyholder: Mei Cohen.,,,,
cla-tr-0072,"My 2015 Subaru Outback was sitting in a flooded parking lot this morning and water got inside. I'd guess the damage is around $1,200. Policyholder: Mateo Haddad.",,,,
cla-tr-0073,"FNOL call notes - insured Camila Patel. Their 2020 Hyundai Tucson was stolen from their driveway two weeks ago. Kelley Blue Book value is around $8,500.",,,,
cla-tr-0074,FNOL call notes - insured Mei Ali. Yesterday a stone chipped their windshield and the crack is spreading. I'd guess the damage is around $600.,,,,
cla-tr-0075,FNOL call notes - insured Sofia Brooks. 3 days ago another driver ran a stop sign and T-boned their 2021 Tesla Model 3. Nobody was hurt. I'd guess the damage is around $250. I only switched to Granite Shield 12 days ago.,,,,
cla-tr-0076,"FNOL call notes - insured Aisha Wang. Someone keyed both sides of their 2017 Ford F-150 this morning. The body shop quoted $7,350.",,,,
cla-tr-0077,"A tree branch fell on my 2022 Toyota Camry during the storm 2 days ago. The shop says roughly $31,550 to fix. My Granite Shield policy started 9 days ago. Policyholder: Dev Brooks.",,,,
cla-tr-0078,"FNOL call notes - insured Zara Murphy. Insured was rear-ended at a red light yesterday in their 2018 Jeep Wrangler. My passenger broke her wrist and was taken to the ER. I'd guess the damage is around $2,900. Customer since 2018.",,,,
cla-tr-0079,"I slid into a guardrail 14 days ago and the front of my 2021 Tesla Model 3 is crushed. The body shop quoted $3,600. I've been a Granite Shield customer for 6 years. Policyholder: Camila Patel.",,,,
cla-tr-0080,"I was rear-ended at a red light yesterday in my 2020 Hyundai Tucson. Nobody was hurt. The shop says roughly $41,800 to fix. Policyholder: Aisha Mensah.",,,,
cla-tr-0081,FNOL call notes - insured Chen Reyes. Someone keyed both sides of their 2020 Hyundai Tucson twelve days ago. I'd guess the damage is around $250.,,,,
cla-tr-0082,"Five days ago another driver ran a stop sign and T-boned my 2020 Hyundai Tucson. The shop says roughly $5,950 to fix. I've been a Granite Shield customer for 11 years. Policyholder: Priya Mensah.",,,,
cla-tr-0083,"FNOL call notes - insured Elena Murphy. Insured came out of work yesterday and their 2021 Tesla Model 3 was gone. Police report filed. Kelley Blue Book value is around $1,450. My Granite Shield policy started 12 days ago.",,,,
cla-tr-0084,"FNOL call notes - insured Omar Kim. 12 days ago another driver ran a stop sign and T-boned their 2020 Hyundai Tucson. The body shop quoted $1,150. My Granite Shield policy started 20 days ago.",,,,
cla-tr-0085,"FNOL call notes - insured Maria Dubois. Their rear window on the 2021 Tesla Model 3 shattered yesterday, no other damage. Repair estimate is about $1,050.",,,,
cla-tr-0086,My 2022 Toyota Camry was sitting in a flooded parking lot yesterday and water got inside. Repair estimate is about $850. I've been a Granite Shield customer for 12 years. Policyholder: Ben Dubois.,,,,
cla-tr-0087,"FNOL call notes - insured Sofia Cohen. Hail dented the hood and roof of their 2015 Subaru Outback 12 days ago. I'd guess the damage is around $2,900. Customer since 2012.",,,,
cla-tr-0088,"Someone merged into my lane on the highway four days ago and sideswiped my 2023 Kia Telluride. I hit my head on the steering wheel and an ambulance took me to the hospital. Repair estimate is about $1,450. Customer since 2015. Policyholder: Luca Rossi.",,,,
cla-tr-0089,"FNOL call notes - insured Hannah Kim. Insured was rear-ended at a red light yesterday in their 2021 Tesla Model 3. The other driver complained of chest pain and was taken away by ambulance. Repair estimate is about $1,550.",,,,
cla-tr-0090,FNOL call notes - insured Fatima Ali. 4 days ago another driver ran a stop sign and T-boned their 2017 Ford F-150. Repair estimate is about $350. I've been a Granite Shield customer for 2 years.,,,,
cla-tr-0091,"FNOL call notes - insured Lily Novak. Someone keyed both sides of their 2019 Honda CR-V four days ago. I'd guess the damage is around $1,150. I just took out this policy 9 days ago.",,,,
cla-tr-0092,"5 days ago another driver ran a stop sign and T-boned my 2015 Subaru Outback. I'd guess the damage is around $35,050. I've been a Granite Shield customer for 1 years. Policyholder: Camila Garcia.",,,,
cla-tr-0093,"FNOL call notes - insured Camila Okafor. Insured came out of work 3 days ago and their 2022 Toyota Camry was gone. Police report filed. The car is worth about $8,700.",,,,
cla-tr-0094,"I slid into a guardrail 21 days ago and the front of my 2017 Ford F-150 is crushed. Nobody was hurt. The body shop quoted $16,300. Policyholder: Lily Reyes.",,,,
cla-tr-0095,"FNOL call notes - insured Maria Singh. Vandals spray-painted their 2021 Tesla Model 3 12 days ago. The body shop quoted $4,450. I just took out this policy 16 days ago.",,,,
cla-tr-0096,FNOL call notes - insured Yara Garcia. This morning a stone chipped their windshield and the crack is spreading. Repair estimate is about $450.,,,,
cla-tr-0097,"My tires were slashed and mirrors smashed 14 days ago while parked on the street. The shop says roughly $7,250 to fix. Policyholder: Omar Garcia.",,,,
cla-tr-0098,"A tree branch fell on my 2021 Tesla Model 3 during the storm five days ago. The shop says roughly $37,100 to fix. Policyholder: Diego Haddad.",,,,
cla-tr-0099,"FNOL call notes - insured Ben Mensah. Insured slid into a guardrail yesterday and the front of their 2021 Tesla Model 3 is crushed. The other driver complained of chest pain and was taken away by ambulance. Repair estimate is about $3,350.",,,,
