id,input,category,priority,route_to,compensation
air-tr-0000,"Dear Customer Care, A flight attendant on flight SK506 from Dallas to Miami mocked me in front of other passengers. (Silver member, by the way.) - Priya Larsen",,,,
air-tr-0001,"Hello, The stroller we gate-checked on flight SK2828 from Miami to Atlanta came back bent and unusable.",,,,
air-tr-0002,"Dear Customer Care, How do I change the name on my booking for my Boston-Austin flight, SK923? My ticket has a typo. As a Silver member of Skyward Miles, I expected better. Please fix this.",,,,
air-tr-0003,"Hello, You cancelled my London-Seattle flight, SK167 the night before and rebooked me two days later. Thanks, Sofia",,,,
air-tr-0004,"To whom it may concern, The cabin on SK1563 (Toronto to Newark) was filthy. Crumbs everywhere and a sticky tray table. Very disappointed.",,,,
air-tr-0005,I got a text at 5am that flight SK148 from Boston to Denver was cancelled. No alternatives offered.,,,,
air-tr-0006,"Dear Customer Care, The stroller we gate-checked on SK658 (London to Mexico City) came back bent and unusable. - Luca Tanaka",,,,
air-tr-0007,My suitcase came off SK1022 (Orlando to Atlanta) with a broken handle and a cracked shell.,,,,
air-tr-0008,"Hello, Please refund the $89 seat upgrade on flight SK2226 from Boston to Seattle that I was charged twice for. I expect a response.",,,,
air-tr-0009,"We sat at the gate for three hours waiting for my Miami-Chicago flight, SK2381. Zero updates. Very disappointed.",,,,
air-tr-0010,We sat at the gate for three hours waiting for flight SK985 from Seattle to Toronto. Zero updates.,,,,
air-tr-0011,"To whom it may concern, My my Mexico City-Austin flight, SK1764 was delayed by 7 hours and nobody at the gate could tell us why.",,,,
air-tr-0012,"I'd like to add my daughter to my reservation on flight SK2968 from Newark to Seattle. Thanks, Samuel",,,,
air-tr-0013,"Hey, The gate agent for flight SK136 from Atlanta to Austin was rude and yelled at my elderly father.",,,,
air-tr-0014,"Hi Skyward, My Skyward Miles tier is Platinum. flight SK725 from Mexico City to Orlando left eight hours late. I missed a client dinner because of it. What are you going to do about it?",,,,
air-tr-0015,"Hi Skyward, The cabin on my Atlanta-Denver flight, SK2625 was filthy. Crumbs everywhere and a sticky tray table. Please fix this.",,,,
air-tr-0016,"Hi Skyward, The gate agent for SK1759 (Denver to Newark) was rude and yelled at my elderly father. Please fix this.",,,,
air-tr-0017,"We sat at the gate for six hours waiting for my Phoenix-Mexico City flight, SK2965. Zero updates. I expect a response.",,,,
air-tr-0018,"Dear Customer Care, (Gold member, by the way.) My checked bag never arrived after my London-Chicago flight, SK2986. It has been 6 days.",,,,
air-tr-0019,"You cancelled my Orlando-Austin flight, SK1105 the night before and rebooked me two days later. Thanks, Priya",,,,
air-tr-0020,"Hello, SK1982 (London to Phoenix) left 3 hours late. I missed a client dinner because of it. Please fix this.",,,,
air-tr-0021,"Hi Skyward, I need to move SK1118 (Denver to London) to the following Tuesday. The website keeps erroring out. (Silver member, by the way.) Thanks, Omar",,,,
air-tr-0022,"Dear Customer Care, I got a text at 5am that flight SK1880 from Phoenix to Boston was cancelled. No alternatives offered. Please fix this.",,,,
air-tr-0023,"Your app kept pushing back my Boston-Newark flight, SK472 until it finally departed four hours behind schedule. I expect a response.",,,,
air-tr-0024,"Hey, My checked bag never arrived after my Mexico City-London flight, SK2308. It has been 4 days. Very disappointed.",,,,
air-tr-0025,"Hey, My SK1883 (Phoenix to Mexico City) was delayed by seven hours and nobody at the gate could tell us why. I'm a Skyward Gold member. I expect a response.",,,,
air-tr-0026,"Hello, flight SK1663 from Miami to Atlanta left 4 hours late. I missed a client dinner because of it.",,,,
air-tr-0027,"Hey, SK1293 (Mexico City to Denver) was cancelled at the gate. I had to buy a ticket on another airline. - Olu Murphy",,,,
air-tr-0028,"I am deaf and no one told me the gate for my Atlanta-Toronto flight, SK2521 had changed. I nearly missed it. Very disappointed.",,,,
air-tr-0029,"Hey, Can I switch my Phoenix-Austin flight, SK2539 to an earlier departure? I can't find the option online. I expect a response.",,,,
air-tr-0030,"Hey, My Skyward Miles tier is Silver. I want my money back for my Dallas-Seattle flight, SK1393. I paid for a seat I never got to use. Very disappointed.",,,,
air-tr-0031,"Hey, A flight attendant on my Toronto-Miami flight, SK2201 mocked me in front of other passengers. - Aisha Silva",,,,
air-tr-0032,"Hey, Cancelling my Chicago-Miami flight, SK912 with no explanation left my family stranded in Chicago. I'm a Skyward Gold member. Thanks, Chen",,,,
air-tr-0033,"Dear Customer Care, The wifi on flight SK1987 from Phoenix to London didn't work at all even though I paid for it. What are you going to do about it?",,,,
air-tr-0034,"As a Platinum member of Skyward Miles, I expected better. My checked bag never arrived after SK2010 (Atlanta to Dallas). It has been 6 days.",,,,
air-tr-0035,"Dear Customer Care, My suitcase came off my Mexico City-Denver flight, SK2043 with a broken handle and a cracked shell. Please fix this.",,,,
air-tr-0036,"Hi Skyward, (Platinum member, by the way.) Can I switch my Mexico City-Austin flight, SK343 to an earlier departure? I can't find the option online. I expect a response.",,,,
air-tr-0037,"Dear Customer Care, I cancelled my ticket for flight SK391 from Atlanta to Denver within 24 hours and still have not been refunded. I have held Gold status with you for 6 years.",,,,
air-tr-0038,"Hey, My checked bag never arrived after flight SK1908 from London to Denver. It has been two days. (Gold member, by the way.) Please fix this.",,,,
air-tr-0039,"Dear Customer Care, I got a text at 5am that my Mexico City-Chicago flight, SK1987 was cancelled. No alternatives offered. - Camila Garcia",,,,
air-tr-0040,"Hey, I have held Platinum status with you for six years. You lost my luggage on SK1271 (Phoenix to Denver). All my work clothes are in it. Thanks, Nina",,,,
air-tr-0041,"Hi Skyward, Your app kept pushing back flight SK1099 from Dallas to Denver until it finally departed four hours behind schedule. Thanks, Luca",,,,
air-tr-0042,"Dear Customer Care, I'm a Skyward Gold member. The cabin on SK2917 (Newark to Chicago) was filthy. Crumbs everywhere and a sticky tray table.",,,,
air-tr-0043,"Hey, I was promised a refund for my Chicago-Mexico City flight, SK1404 seven weeks ago. Still nothing. What are you going to do about it?",,,,
air-tr-0044,"As a Gold member of Skyward Miles, I expected better. My checked bag never arrived after my Chicago-Miami flight, SK190. It has been 6 days. - James Murphy",,,,
air-tr-0045,I got a text at 5am that SK2070 (Boston to Seattle) was cancelled. No alternatives offered. Please fix this.,,,,
air-tr-0046,"Hey, A 3-hour delay on my Seattle-Newark flight, SK415 is unacceptable. My whole day was ruined. Very disappointed.",,,,
air-tr-0047,"I was treated with real hostility by a crew member on SK2483 (Mexico City to Miami). (Silver member, by the way.) Thanks, Kenji",,,,
air-tr-0048,"Dear Customer Care, My suitcase came off flight SK2685 from Toronto to Orlando with a broken handle and a cracked shell. Thanks, Maria",,,,
air-tr-0049,"Dear Customer Care, My Skyward Miles tier is Silver. A 4-hour delay on SK914 (Orlando to Denver) is unacceptable. My whole day was ruined. Please fix this.",,,,
air-tr-0050,"I got a text at 5am that my Seattle-Boston flight, SK2389 was cancelled. No alternatives offered. Thanks, Olu",,,,
air-tr-0051,I got a text at 5am that SK2388 (Atlanta to Mexico City) was cancelled. No alternatives offered. What are you going to do about it?,,,,
air-tr-0052,The food on flight SK1951 from Newark to Phoenix was cold and the seat-back screen was broken. I'm a Skyward Gold member. What are you going to do about it?,,,,
air-tr-0053,"Hello, My Skyward Miles tier is Platinum. How do I change the name on my booking for flight SK1135 from Orlando to Dallas? My ticket has a typo.",,,,
air-tr-0054,"Hey, The aisle chair I requested for SK2294 (Denver to Boston) was never brought to the aircraft.",,,,
air-tr-0055,The cabin on flight SK1537 from Dallas to Atlanta was filthy. Crumbs everywhere and a sticky tray table. Very disappointed.,,,,
air-tr-0056,"Dear Customer Care, The gate agent for flight SK2590 from Atlanta to London was rude and yelled at my elderly father. Very disappointed.",,,,
air-tr-0057,"Hey, Can I switch SK2538 (Newark to Denver) to an earlier departure? I can't find the option online. As a Platinum member of Skyward Miles, I expected better. Thanks, Zara",,,,
air-tr-0058,"Hello, flight SK1811 from Orlando to Boston was cancelled at the gate. I had to buy a ticket on another airline. I expect a response.",,,,
air-tr-0059,"Your app kept pushing back SK2043 (Chicago to Mexico City) until it finally departed 7 hours behind schedule. Thanks, Elena",,,,
air-tr-0060,You lost my luggage on SK1835 (Austin to Chicago). All my work clothes are in it. Very disappointed.,,,,
air-tr-0061,"My checked bag never arrived after my Austin-Orlando flight, SK208. It has been 5 days. I have held Gold status with you for 4 years.",,,,
air-tr-0062,"Hello, The stroller we gate-checked on SK1505 (London to Chicago) came back bent and unusable. I expect a response.",,,,
air-tr-0063,flight SK525 from London to Dallas left five hours late. I missed a client dinner because of it. Please fix this.,,,,
air-tr-0064,"Hi Skyward, Please refund the $89 seat upgrade on SK954 (Boston to Miami) that I was charged twice for. - Samuel Ali",,,,
air-tr-0065,"Hello, flight SK2270 from Orlando to Denver left 8 hours late. I missed a client dinner because of it. Very disappointed.",,,,
air-tr-0066,"Hi Skyward, A 4-hour delay on SK1636 (London to Atlanta) is unacceptable. My whole day was ruined. My Skyward Miles tier is Platinum. What are you going to do about it?",,,,
air-tr-0067,"To whom it may concern, Your app kept pushing back flight SK428 from Austin to Dallas until it finally departed 9 hours behind schedule. Thanks, Sofia",,,,
air-tr-0068,"You cancelled flight SK1118 from Austin to Newark the night before and rebooked me two days later. As a Silver member of Skyward Miles, I expected better.",,,,
air-tr-0069,"Hi Skyward, The wifi on my Dallas-Chicago flight, SK1393 didn't work at all even though I paid for it. What are you going to do about it?",,,,
air-tr-0070,"I cancelled my ticket for my Newark-Mexico City flight, SK2462 within 24 hours and still have not been refunded.",,,,
air-tr-0071,"Hello, I have held Gold status with you for two years. My SK2679 (Miami to Orlando) was delayed by 7 hours and nobody at the gate could tell us why. Thanks, Mateo",,,,
air-tr-0072,flight SK1644 from Austin to Orlando left 5 hours late. I missed a client dinner because of it. What are you going to do about it?,,,,
air-tr-0073,"Hello, The check-in staff for flight SK1134 from Denver to Boston refused to help and rolled their eyes at me. (Silver member, by the way.) Please fix this.",,,,
air-tr-0074,"Hey, My checked bag never arrived after my Newark-London flight, SK1311. It has been four days. Please fix this.",,,,
air-tr-0075,"To whom it may concern, I cancelled my ticket for flight SK268 from Mexico City to Atlanta within 24 hours and still have not been refunded. I have held Platinum status with you for 7 years. - Dev Murphy",,,,
air-tr-0076,"Hello, As a Platinum member of Skyward Miles, I expected better. A flight attendant on my Phoenix-Mexico City flight, SK1509 mocked me in front of other passengers. Very disappointed.",,,,
air-tr-0077,The gate agent for SK1838 (Miami to Newark) was rude and yelled at my elderly father. I have held Gold status with you for 8 years.,,,,
air-tr-0078,"My Skyward Miles tier is Platinum. The stroller we gate-checked on my Miami-London flight, SK1721 came back bent and unusable. What are you going to do about it?",,,,
air-tr-0079,"I got a text at 5am that my Orlando-Chicago flight, SK1625 was cancelled. No alternatives offered. I have held Gold status with you for five years. - Nina Novak",,,,
air-tr-0080,"Hello, (Silver member, by the way.) A 5-hour delay on SK959 (Toronto to Austin) is unacceptable. My whole day was ruined. Please fix this.",,,,
air-tr-0081,"Dear Customer Care, I have held Silver status with you for six years. Your app kept pushing back flight SK1678 from Chicago to Boston until it finally departed 4 hours behind schedule. I expect a response.",,,,
air-tr-0082,"Hello, As a Gold member of Skyward Miles, I expected better. my Atlanta-Miami flight, SK1501 was cancelled at the gate. I had to buy a ticket on another airline. - Fatima Garcia",,,,
air-tr-0083,"I need to move flight SK1234 from London to Phoenix to the following Tuesday. The website keeps erroring out. As a Gold member of Skyward Miles, I expected better.",,,,
air-tr-0084,"Hi Skyward, The aisle chair I requested for my London-Chicago flight, SK2004 was never brought to the aircraft. As a Silver member of Skyward Miles, I expected better. Very disappointed.",,,,
air-tr-0085,"Dear Customer Care, The stroller we gate-checked on SK1881 (Miami to Phoenix) came back bent and unusable. My Skyward Miles tier is Silver. Thanks, Diego",,,,
air-tr-0086,"To whom it may concern, A 5-hour delay on flight SK407 from Miami to Orlando is unacceptable. My whole day was ruined. My Skyward Miles tier is Gold. - Olu Shah",,,,
air-tr-0087,"Hey, My Skyward Miles tier is Platinum. The stroller we gate-checked on flight SK1045 from London to Chicago came back bent and unusable.",,,,
air-tr-0088,"Hey, My SK2490 (London to Mexico City) was delayed by 8 hours and nobody at the gate could tell us why. Please fix this.",,,,
air-tr-0089,"Hey, I'm a Skyward Silver member. flight SK922 from Phoenix to Seattle was cancelled at the gate. I had to buy a ticket on another airline. Very disappointed.",,,,
air-tr-0090,"We sat at the gate for five hours waiting for flight SK584 from Miami to Austin. Zero updates. Thanks, Ben",,,,
air-tr-0091,"Hi Skyward, my London-Newark flight, SK742 left 2 hours late. I missed a client dinner because of it. - Camila Singh",,,,
air-tr-0092,Please refund the $89 seat upgrade on flight SK2220 from London to Austin that I was charged twice for. - Mateo Cohen,,,,
air-tr-0093,"Hello, I'm a Skyward Silver member. I was treated with real hostility by a crew member on SK375 (Denver to Newark). Please fix this.",,,,
air-tr-0094,I cancelled my ticket for SK2175 (Atlanta to Phoenix) within 24 hours and still have not been refunded. - Ibrahim Haddad,,,,
air-tr-0095,The stroller we gate-checked on flight SK399 from Phoenix to Orlando came back bent and unusable.,,,,
air-tr-0096,"Hi Skyward, I booked wheelchair assistance for flight SK1100 from Dallas to Boston and nobody showed up. I had to crawl down the jet bridge. Thanks, Rachel",,,,
air-tr-0097,"Dear Customer Care, You cancelled flight SK1002 from Denver to Dallas the night before and rebooked me two days later. I expect a response.",,,,
air-tr-0098,"To whom it may concern, The gate agent for flight SK2202 from Mexico City to Orlando was rude and yelled at my elderly father.",,,,
air-tr-0101,"Hey, I am deaf and no one told me the gate for SK1081 (Dallas to Atlanta) had changed. I nearly missed it. Thanks, Chen",,,,
