id,input,vendor,invoice_number,amount_usd,gl_code,approval
inv-tr-0000,"We are writing to submit invoice no. 526434 in the amount of $38,977.27 for heavy cream, butter and cultured yogurt at your Brookline site, payable 2/10 Net 30. Thanks, Omar Okafor | Rivera Family Farms",,,,,
inv-tr-0001,"Hi Harvest Table AP team, We are writing to submit invoice no. INV-63298 in the amount of $1,483.00 for heavy cream, butter and cultured yogurt at the Seaport kitchen, payable 2/10 Net 30. Thanks, Mei Mensah | Pinecrest Provisions",,,,,
inv-tr-0002,"Hello, Reminder: invoice INV-36290 ($1,728.33) for the weekly cheese order to the Back Bay location has been issued. Terms Net 30. Thank you for your business. Best, Rachel Patel, Accounts Receivable, Pinecrest Provisions",,,,,
inv-tr-0003,"Hi Harvest Table AP team, Please find attached invoice 889840 for whole milk and creme fraiche delivered to the Seaport kitchen. Total due: $3,034.68, terms Net 30. Thanks, Yara Dubois | Bay State Dairy",,,,,
inv-tr-0004,"Good morning, Reminder: invoice INV-18922 ($22,522.96) for mozzarella and ricotta for the pizza line to Harvest Table Somerville has been issued. Terms Net 45. Thank you for your business. Thanks, Olu Tanaka | Urban Greens LLC",,,,,
inv-tr-0005,"We are writing to submit invoice no. INV-43233 in the amount of $4,252.77 for heavy cream, butter and cultured yogurt at your Cambridge restaurant, payable Net 30. Best, Nina Murphy, Accounts Receivable, Coastal Linen Partners",,,,,
inv-tr-0006,"Good morning, Reminder: invoice 793677 ($27,407.00) for heavy cream, butter and cultured yogurt to the Seaport kitchen has been issued. Terms Net 45. Thank you for your business. Regards, Fatima Haddad Bay State Dairy",,,,,
inv-tr-0007,"Reminder: invoice HT-3760-D ($1,010.49) for nitrile gloves and trash liners to your Brookline site has been issued. Terms Net 15. Thank you for your business. Regards, Omar Wang Northshore Fish Market",,,,,
inv-tr-0008,"Good morning, Please find attached invoice C9918 for fryer thermostat replacement delivered to the Seaport kitchen. Total due: $744.87, terms due on receipt. Regards, Lily Ali KitchenTech Repair",,,,,
inv-tr-0009,"Please find attached invoice C1787 for fresh cod, scallops and littleneck clams delivered to the Seaport kitchen. Total due: $6,241.19, terms Net 15. Thanks, Dev Patel | Atlantic Catch Seafood",,,,,
inv-tr-0010,"Invoice #INV-23327 is attached for bar towels and linens rental (your Cambridge restaurant). Amount: $30,415.32. Payment terms: due on receipt. Best, James Reyes, Accounts Receivable, Metro Linen Service",,,,,
inv-tr-0011,"Good morning, We are writing to submit invoice no. HT-6689-B in the amount of $3,750.63 for chicken thighs and pork shoulder at the commissary kitchen, payable 2/10 Net 30. Thanks, Chen Dubois | Atlantic Catch Seafood",,,,,
inv-tr-0012,"Hello, Please find attached invoice INV-23353 for heavy cream, butter and cultured yogurt delivered to the Seaport kitchen. Total due: $3,875, terms Net 15. Regards, Priya Singh Hilltop Creamery",,,,,
inv-tr-0013,"Good morning, Reminder: invoice 114464 ($8,092) for organic baby spinach and root vegetables to Harvest Table Somerville has been issued. Terms 2/10 Net 30. Thank you for your business. Thanks, Ibrahim Wang | Green Valley Produce",,,,,
inv-tr-0014,"Dear Accounts Payable, Reminder: invoice INV-48678 ($3,748.01) for repair of the walk-in cooler compressor to your Cambridge restaurant has been issued. Terms Net 30. Thank you for your business. Regards, Lily Mensah KitchenTech Repair",,,,,
inv-tr-0015,"We are writing to submit invoice no. 717369 in the amount of $8,530 for mozzarella and ricotta for the pizza line at Harvest Table Somerville, payable Net 45. Regards, Hannah Okafor Northshore Fish Market",,,,,
inv-tr-0016,"We are writing to submit invoice no. 568159 in the amount of $37,506.60 for dish machine detergent and rinse aid at the commissary kitchen, payable Net 15. Thanks, Priya Haddad | CleanPro Supply",,,,,
inv-tr-0017,"Dear Accounts Payable, Attached is our invoice INV-61119 totaling $2,032.00 for napkin and tablecloth service. This covers the delivery to the Back Bay location. Terms are due on receipt. Thanks, Omar Rossi | Urban Greens LLC",,,,,
inv-tr-0018,"Hello, Reminder: invoice 753716 ($1,203.00) for salmon fillets and shrimp to your Brookline site has been issued. Terms Net 45. Thank you for your business. Best, Ibrahim Ali, Accounts Receivable, Atlantic Catch Seafood",,,,,
inv-tr-0019,"Attached is our invoice INV-51741 totaling $492.38 for dry-aged ribeyes and short rib. This covers the delivery to your Brookline site. Terms are Net 45. Best, Dev Haddad, Accounts Receivable, Atlantic Catch Seafood",,,,,
inv-tr-0020,"Please find attached invoice B7822 for emergency dishwasher repair delivered to the Seaport kitchen. Total due: $1,454.44, terms Net 30. Thanks, Maria Rossi | KitchenTech Repair",,,,,
inv-tr-0021,"Please find attached invoice 413791 for fryer thermostat replacement delivered to the Seaport kitchen. Total due: $21,544.42, terms 2/10 Net 30. Thanks, Rachel Kim | Ace Restaurant Services",,,,,
inv-tr-0022,"Invoice #INV-49623 is attached for this week's citrus and stone fruit (your Brookline site). Amount: $1,081.28. Payment terms: due on receipt. Green Valley Produce Billing Dept.",,,,,
inv-tr-0023,"Hello, Please find attached invoice HT-3707-A for nitrile gloves and trash liners delivered to your Cambridge restaurant. Total due: $1,641.00, terms 2/10 Net 30. Thanks, Omar Murphy | Northshore Fish Market",,,,,
inv-tr-0024,"Hello, Invoice #130844 is attached for fresh cod, scallops and littleneck clams (your Brookline site). Amount: $2,049.00. Payment terms: 2/10 Net 30. Best, Camila Cohen, Accounts Receivable, Ace Restaurant Services",,,,,
inv-tr-0025,"Good morning, Attached is our invoice INV-10172 totaling $2,193.00 for bar towels and linens rental. This covers the delivery to your Brookline site. Terms are Net 45. Best, Mei Brooks, Accounts Receivable, Metro Linen Service",,,,,
inv-tr-0026,"Good morning, Reminder: invoice C4808 ($2,008.56) for heavy cream, butter and cultured yogurt to your Cambridge restaurant has been issued. Terms Net 45. Thank you for your business. Thanks, Samuel Rossi | Blue Ox Butchers",,,,,
inv-tr-0027,"Dear Accounts Payable, Invoice #HT-9655-D is attached for chef coats and aprons laundering (the commissary kitchen). Amount: $40,784.00. Payment terms: due on receipt. Coastal Linen Partners Billing Dept.",,,,,
inv-tr-0028,"Hi Harvest Table AP team, Please find attached invoice HT-1462-D for avocados, limes and cilantro delivered to your Cambridge restaurant. Total due: $663.52, terms Net 30. Green Valley Produce Billing Dept.",,,,,
inv-tr-0029,"Dear Accounts Payable, Please find attached invoice B1674 for avocados, limes and cilantro delivered to your Brookline site. Total due: $411.33, terms Net 15. Green Valley Produce Billing Dept.",,,,,
inv-tr-0030,"Hello, Reminder: invoice HT-6186-D ($36,536.99) for dish machine detergent and rinse aid to the Back Bay location has been issued. Terms due on receipt. Thank you for your business. Regards, Mei Shah CleanPro Supply",,,,,
inv-tr-0031,"Hi Harvest Table AP team, Please find attached invoice INV-52647 for bar towels and linens rental delivered to the Back Bay location. Total due: $4,913, terms Net 30. Regards, Luca Rossi Metro Linen Service",,,,,
inv-tr-0032,"Good morning, We are writing to submit invoice no. HT-7573-B in the amount of $9,187.47 for the weekly cheese order at your Cambridge restaurant, payable 2/10 Net 30. Best, Noah Kim, Accounts Receivable, Blue Ox Butchers",,,,,
inv-tr-0033,"Hi Harvest Table AP team, We are writing to submit invoice no. B1541 in the amount of $7,329.13 for heavy cream, butter and cultured yogurt at the Back Bay location, payable Net 30. Best, James Dubois, Accounts Receivable, Hilltop Creamery",,,,,
inv-tr-0034,"Hello, Attached is our invoice C7794 totaling $3,285.36 for dry-aged ribeyes and short rib. This covers the delivery to the Back Bay location. Terms are 2/10 Net 30. Regards, Dev Wang Atlantic Catch Seafood",,,,,
inv-tr-0035,"Attached is our invoice INV-88134 totaling $1,280.34 for salmon fillets and shrimp. This covers the delivery to your Cambridge restaurant. Terms are Net 15. Thanks, Olu Silva | Prime Cut Meats",,,,,
inv-tr-0036,"Please find attached invoice INV-48306 for the monthly chemical restock delivered to your Brookline site. Total due: $17,013.34, terms Net 45. Regards, Arjun Ali CleanPro Supply",,,,,
inv-tr-0037,"Hello, Invoice #HT-9555-C is attached for service call on the combi oven (your Brookline site). Amount: $1,556. Payment terms: Net 30. Thanks, Lily Patel | KitchenTech Repair",,,,,
inv-tr-0038,"Hello, We are writing to submit invoice no. INV-82920 in the amount of $2,074.00 for bar towels and linens rental at your Cambridge restaurant, payable Net 15. Best, Mateo Kim, Accounts Receivable, Urban Greens LLC",,,,,
inv-tr-0039,"Invoice #HT-9205-A is attached for service call on the combi oven (the Back Bay location). Amount: $34,638.95. Payment terms: 2/10 Net 30. KitchenTech Repair Billing Dept.",,,,,
inv-tr-0040,"Hi Harvest Table AP team, Attached is our invoice 107810 totaling $770.69 for mozzarella and ricotta for the pizza line. This covers the delivery to the Seaport kitchen. Terms are Net 45. Thanks, Mei Reyes | FixIt Appliance Pros",,,,,
inv-tr-0041,"Hello, Please find attached invoice 910827 for fryer thermostat replacement delivered to the Back Bay location. Total due: $3,387.00, terms due on receipt. Sparkle Janitorial Billing Dept.",,,,,
inv-tr-0042,"Good morning, Invoice #HT-2237-B is attached for fresh cod, scallops and littleneck clams (your Brookline site). Amount: $6,304.50. Payment terms: Net 15. Thanks, Elena Kim | Atlantic Catch Seafood",,,,,
inv-tr-0043,"Hi Harvest Table AP team, Reminder: invoice 631492 ($7,584.22) for heavy cream, butter and cultured yogurt to your Cambridge restaurant has been issued. Terms Net 30. Thank you for your business. Regards, Noah Okafor Bay State Dairy",,,,,
inv-tr-0044,"Hello, We are writing to submit invoice no. B4734 in the amount of $33,407.57 for romaine, heirloom tomatoes and fresh herbs at the Seaport kitchen, payable 2/10 Net 30. Coastal Linen Partners Billing Dept.",,,,,
inv-tr-0045,"Please find attached invoice A3772 for avocados, limes and cilantro delivered to the Seaport kitchen. Total due: $515.00, terms Net 45. Thanks, Arjun Silva | Pinecrest Provisions",,,,,
inv-tr-0046,"Good morning, Attached is our invoice INV-12480 totaling $283.52 for salmon fillets and shrimp. This covers the delivery to the commissary kitchen. Terms are Net 30. Thanks, Yara Dubois | Atlantic Catch Seafood",,,,,
inv-tr-0047,"Dear Accounts Payable, Reminder: invoice INV-11592 ($2,107.53) for mozzarella and ricotta for the pizza line to the commissary kitchen has been issued. Terms Net 30. Thank you for your business. Thanks, Dev Garcia | Bay State Dairy",,,,,
inv-tr-0048,"Hi Harvest Table AP team, Reminder: invoice 769708 ($6,995.99) for organic baby spinach and root vegetables to your Cambridge restaurant has been issued. Terms Net 45. Thank you for your business. Green Valley Produce Billing Dept.",,,,,
inv-tr-0049,"Please find attached invoice HT-1884-D for organic baby spinach and root vegetables delivered to the Back Bay location. Total due: $1,647.62, terms Net 30. Best, Samuel Silva, Accounts Receivable, Green Valley Produce",,,,,
inv-tr-0050,"Dear Accounts Payable, Attached is our invoice INV-89957 totaling $1,563.83 for chicken thighs and pork shoulder. This covers the delivery to the Seaport kitchen. Terms are Net 15. Best, Hannah Haddad, Accounts Receivable, Northshore Fish Market",,,,,
inv-tr-0051,"We are writing to submit invoice no. 818353 in the amount of $35,083 for heavy cream, butter and cultured yogurt at Harvest Table Somerville, payable 2/10 Net 30. Hilltop Creamery Billing Dept.",,,,,
inv-tr-0052,"Hi Harvest Table AP team, Please find attached invoice HT-6055-B for mozzarella and ricotta for the pizza line delivered to your Brookline site. Total due: $8,728.31, terms Net 45. Hilltop Creamery Billing Dept.",,,,,
inv-tr-0053,"Good morning, Attached is our invoice 515363 totaling $830.53 for heavy cream, butter and cultured yogurt. This covers the delivery to your Cambridge restaurant. Terms are Net 30. Regards, Ben Haddad Bay State Dairy",,,,,
inv-tr-0054,"Hi Harvest Table AP team, Please find attached invoice HT-5145-C for heavy cream, butter and cultured yogurt delivered to the Back Bay location. Total due: $8,632.91, terms due on receipt. Regards, Priya Larsen Bay State Dairy",,,,,
inv-tr-0055,"Good morning, Invoice #C3595 is attached for heavy cream, butter and cultured yogurt (the commissary kitchen). Amount: $29,866.13. Payment terms: due on receipt. Regards, Luca Haddad Hilltop Creamery",,,,,
inv-tr-0056,"Hi Harvest Table AP team, Invoice #234279 is attached for bar towels and linens rental (the commissary kitchen). Amount: $3,298.66. Payment terms: Net 15. Regards, Priya Cohen Metro Linen Service",,,,,
inv-tr-0057,"Hi Harvest Table AP team, Please find attached invoice 917458 for the monthly chemical restock delivered to the Seaport kitchen. Total due: $26,719.09, terms Net 30. Best, Diego Ali, Accounts Receivable, CleanPro Supply",,,,,
inv-tr-0058,"Hi Harvest Table AP team, Reminder: invoice A6224 ($4,076) for chicken thighs and pork shoulder to your Brookline site has been issued. Terms 2/10 Net 30. Thank you for your business. Regards, James Okafor Ace Restaurant Services",,,,,
inv-tr-0059,"Hi Harvest Table AP team, Attached is our invoice INV-82590 totaling $4,469.76 for emergency dishwasher repair. This covers the delivery to the Back Bay location. Terms are Net 15. Regards, Diego Brooks KitchenTech Repair",,,,,
inv-tr-0060,"We are writing to submit invoice no. HT-8119-E in the amount of $1,580 for organic baby spinach and root vegetables at the Seaport kitchen, payable due on receipt. Thanks, Zara Mensah | Sunrise Farms Co-op",,,,,
inv-tr-0061,"Hello, Please find attached invoice B6316 for salmon fillets and shrimp delivered to the Back Bay location. Total due: $692.00, terms Net 45. Thanks, Tom Brooks | Atlantic Catch Seafood",,,,,
inv-tr-0062,"Hi Harvest Table AP team, We are writing to submit invoice no. HT-2370-A in the amount of $483.58 for dry-aged ribeyes and short rib at the Seaport kitchen, payable Net 45. Thanks, Olu Kim | Atlantic Catch Seafood",,,,,
inv-tr-0063,"Invoice #A2014 is attached for organic baby spinach and root vegetables (your Brookline site). Amount: $25,443.54. Payment terms: Net 30. Regards, Fatima Cohen Green Valley Produce",,,,,
inv-tr-0064,"Good morning, Please find attached invoice HT-4366-D for the monthly chemical restock delivered to your Cambridge restaurant. Total due: $30,023.00, terms due on receipt. CleanPro Supply Billing Dept.",,,,,
inv-tr-0065,"Hello, Invoice #INV-50254 is attached for service call on the combi oven (Harvest Table Somerville). Amount: $1,937.20. Payment terms: Net 30. Thanks, Mei Reyes | FixIt Appliance Pros",,,,,
inv-tr-0066,"Hello, Invoice #A9986 is attached for romaine, heirloom tomatoes and fresh herbs (your Brookline site). Amount: $35,824.01. Payment terms: Net 15. Best, Ben Singh, Accounts Receivable, Urban Greens LLC",,,,,
inv-tr-0067,"Good morning, We are writing to submit invoice no. A8650 in the amount of $327.00 for emergency dishwasher repair at the Seaport kitchen, payable due on receipt. Best, Kenji Garcia, Accounts Receivable, FixIt Appliance Pros",,,,,
inv-tr-0068,"Hi Harvest Table AP team, Invoice #HT-3118-A is attached for bar towels and linens rental (Harvest Table Somerville). Amount: $3,660. Payment terms: Net 15. Thanks, Chen Tanaka | Metro Linen Service",,,,,
inv-tr-0069,"Invoice #447823 is attached for service call on the combi oven (the Seaport kitchen). Amount: $6,657.00. Payment terms: Net 30. Thanks, Olu Wang | Pinecrest Provisions",,,,,
inv-tr-0070,"Hi Harvest Table AP team, Please find attached invoice 172907 for avocados, limes and cilantro delivered to your Brookline site. Total due: $265, terms due on receipt. Best, Nina Mensah, Accounts Receivable, Green Valley Produce",,,,,
inv-tr-0071,"Hi Harvest Table AP team, Attached is our invoice HT-8254-B totaling $1,478.86 for organic baby spinach and root vegetables. This covers the delivery to your Brookline site. Terms are due on receipt. Regards, Noah Murphy Northshore Fish Market",,,,,
inv-tr-0072,"Reminder: invoice B6011 ($1,572.00) for nitrile gloves and trash liners to your Cambridge restaurant has been issued. Terms 2/10 Net 30. Thank you for your business. Best, Mateo Wang, Accounts Receivable, CleanPro Supply",,,,,
inv-tr-0073,"Good morning, Invoice #B9130 is attached for fresh cod, scallops and littleneck clams (Harvest Table Somerville). Amount: $364.13. Payment terms: due on receipt. Regards, Mei Singh Atlantic Catch Seafood",,,,,
inv-tr-0074,"Good morning, Reminder: invoice 128474 ($9,054.94) for this week's citrus and stone fruit to the Back Bay location has been issued. Terms Net 15. Thank you for your business. Regards, Ibrahim Novak Urban Greens LLC",,,,,
inv-tr-0075,"Invoice #934036 is attached for napkin and tablecloth service (the Back Bay location). Amount: $7,961.37. Payment terms: due on receipt. Thanks, Elena Patel | Golden Meadow Dairy",,,,,
inv-tr-0076,"Dear Accounts Payable, We are writing to submit invoice no. HT-2485-B in the amount of $285.65 for the weekly cheese order at Harvest Table Somerville, payable Net 30. Ace Restaurant Services Billing Dept.",,,,,
inv-tr-0077,"Reminder: invoice INV-83541 ($1,507.18) for this week's citrus and stone fruit to your Brookline site has been issued. Terms due on receipt. Thank you for your business. Rivera Family Farms Billing Dept.",,,,,
inv-tr-0078,"Hi Harvest Table AP team, Invoice #526029 is attached for chicken thighs and pork shoulder (the Seaport kitchen). Amount: $877.91. Payment terms: Net 15. Regards, James Dubois Prime Cut Meats",,,,,
inv-tr-0079,"Hi Harvest Table AP team, Invoice #353907 is attached for the monthly chemical restock (the Seaport kitchen). Amount: $1,688.45. Payment terms: Net 45. Coastal Linen Partners Billing Dept.",,,,,
inv-tr-0080,"Attached is our invoice HT-7028-C totaling $240.28 for avocados, limes and cilantro. This covers the delivery to the commissary kitchen. Terms are Net 15. Regards, Nina Ali Sunrise Farms Co-op",,,,,
inv-tr-0081,"Hi Harvest Table AP team, Attached is our invoice INV-94157 totaling $1,865.30 for fresh cod, scallops and littleneck clams. This covers the delivery to your Brookline site. Terms are due on receipt. Best, Yara Silva, Accounts Receivable, Urban Greens LLC",,,,,
inv-tr-0082,"Good morning, Attached is our invoice 526604 totaling $775.47 for dry-aged ribeyes and short rib. This covers the delivery to your Brookline site. Terms are Net 45. Prime Cut Meats Billing Dept.",,,,,
inv-tr-0083,"Dear Accounts Payable, We are writing to submit invoice no. HT-2089-D in the amount of $38,756.41 for dish machine detergent and rinse aid at the commissary kitchen, payable Net 45. Regards, Mateo Ali Northshore Fish Market",,,,,
inv-tr-0084,"Hello, Attached is our invoice A8505 totaling $1,215 for the weekly cheese order. This covers the delivery to your Brookline site. Terms are Net 45. Bay State Dairy Billing Dept.",,,,,
inv-tr-0085,"Reminder: invoice INV-91891 ($21,371.65) for service call on the combi oven to your Brookline site has been issued. Terms due on receipt. Thank you for your business. Regards, Samuel Cohen KitchenTech Repair",,,,,
inv-tr-0086,"Attached is our invoice INV-40138 totaling $15,537.63 for the weekly cheese order. This covers the delivery to your Cambridge restaurant. Terms are 2/10 Net 30. Rivera Family Farms Billing Dept.",,,,,
inv-tr-0087,"Dear Accounts Payable, Please find attached invoice A2219 for service call on the combi oven delivered to your Brookline site. Total due: $2,057.00, terms Net 30. Best, Diego Kim, Accounts Receivable, KitchenTech Repair",,,,,
inv-tr-0088,"Hello, Please find attached invoice HT-1806-E for chef coats and aprons laundering delivered to the Seaport kitchen. Total due: $3,302.26, terms due on receipt. Thanks, Camila Okafor | Ace Restaurant Services",,,,,
inv-tr-0089,"Good morning, We are writing to submit invoice no. HT-4772-B in the amount of $1,660 for avocados, limes and cilantro at your Cambridge restaurant, payable Net 30. Regards, Tom Dubois Green Valley Produce",,,,,
inv-tr-0090,"Good morning, We are writing to submit invoice no. INV-43656 in the amount of $2,961.49 for bar towels and linens rental at your Cambridge restaurant, payable Net 45. Best, Mei Patel, Accounts Receivable, Metro Linen Service",,,,,
inv-tr-0091,"Good morning, Invoice #INV-95522 is attached for salmon fillets and shrimp (the Seaport kitchen). Amount: $3,099.77. Payment terms: due on receipt. Regards, Mateo Dubois Blue Ox Butchers",,,,,
inv-tr-0092,"Hello, Invoice #413674 is attached for heavy cream, butter and cultured yogurt (the Back Bay location). Amount: $7,103.85. Payment terms: 2/10 Net 30. Thanks, Rachel Tanaka | Blue Ox Butchers",,,,,
inv-tr-0093,"Hello, Please find attached invoice 678843 for the monthly chemical restock delivered to the Seaport kitchen. Total due: $415.65, terms Net 30. Regards, Zara Novak CleanPro Supply",,,,,
inv-tr-0094,"Dear Accounts Payable, Please find attached invoice B5406 for whole milk and creme fraiche delivered to your Cambridge restaurant. Total due: $39,345.00, terms Net 30. Best, Diego Patel, Accounts Receivable, Sparkle Janitorial",,,,,
inv-tr-0095,"Dear Accounts Payable, Attached is our invoice A1963 totaling $1,335.00 for organic baby spinach and root vegetables. This covers the delivery to the Seaport kitchen. Terms are due on receipt. Thanks, James Patel | Sunrise Farms Co-op",,,,,
inv-tr-0096,"Hello, Attached is our invoice 874058 totaling $1,256.99 for the monthly chemical restock. This covers the delivery to your Cambridge restaurant. Terms are Net 45. Best, Dev Patel, Accounts Receivable, CleanPro Supply",,,,,
inv-tr-0097,"Hello, Reminder: invoice 340079 ($1,930.57) for service call on the combi oven to your Cambridge restaurant has been issued. Terms Net 45. Thank you for your business. Regards, Rachel Mensah Sparkle Janitorial",,,,,
inv-tr-0098,"Hi Harvest Table AP team, Please find attached invoice INV-46408 for chicken thighs and pork shoulder delivered to Harvest Table Somerville. Total due: $1,289.60, terms 2/10 Net 30. Prime Cut Meats Billing Dept.",,,,,
inv-tr-0099,"Hello, We are writing to submit invoice no. INV-32504 in the amount of $1,272.08 for nitrile gloves and trash liners at the Seaport kitchen, payable 2/10 Net 30. Ace Restaurant Services Billing Dept.",,,,,
